dataset,eps,n,hit@1,hit@3,hit@5,MRR
Bank,15,136,0.0588,0.2868,0.4632,0.2457
Bank,30,136,0.0588,0.2868,0.4559,0.2461
Bank,60,136,0.0956,0.2794,0.5368,0.269
Bank,120,136,0.0735,0.3088,0.4706,0.241
Bank,300,136,0.0882,0.2794,0.3971,0.217
Telecom,15,51,0.0588,0.1961,0.3333,0.1883
Telecom,30,51,0.0588,0.1961,0.3333,0.1883
Telecom,60,51,0.2157,0.2745,0.4118,0.3105
Telecom,120,51,0.1765,0.2941,0.3725,0.2845
Telecom,300,51,0.1569,0.2549,0.3725,0.2511
Market-1,15,70,0.0286,0.0571,0.0714,0.041
Market-1,30,70,0.0286,0.0571,0.0714,0.041
Market-1,60,70,0.0,0.0286,0.0571,0.016
Market-1,120,70,0.0,0.0143,0.0286,0.0083
Market-1,300,70,0.0,0.0286,0.0429,0.0155
Market-2,15,78,0.0256,0.1538,0.2308,0.0988
Market-2,30,78,0.0256,0.1538,0.2308,0.0988
Market-2,60,78,0.1282,0.1923,0.2308,0.1656
Market-2,120,78,0.0897,0.1795,0.2051,0.1355
Market-2,300,78,0.0513,0.1026,0.1154,0.0774
