method,dataset,n,errors,top1,top3,top5,mrr,avg_tokens
microcause,Bank,136,0,0.0368,0.2574,0.4559,0.2262,0
microcause,Telecom,51,0,0.0196,0.0588,0.1373,0.1175,0
microcause,Market-1,70,0,0.0143,0.0286,0.0286,0.0607,0
microcause,Market-2,78,0,0.0256,0.0385,0.1154,0.1062,0
circa-gt,Bank,136,0,0.4632,0.6618,0.7794,0.5954,0
circa-gt,Telecom,51,0,0.1765,0.4118,0.6078,0.3324,0
circa-gt,Market-1,70,0,0.3286,0.4857,0.5286,0.4145,0
circa-gt,Market-2,78,0,0.4615,0.5641,0.6538,0.5379,0
circa-detect,Bank,136,0,0.2426,0.4338,0.5588,0.3946,0
circa-detect,Telecom,51,0,0.1569,0.2941,0.4314,0.2671,0
circa-detect,Market-1,70,0,0.1143,0.2571,0.2857,0.2095,0
circa-detect,Market-2,78,0,0.1795,0.2821,0.3718,0.2841,0
mabc,Bank,136,0,0.0882,0.0882,0.0882,0.0882,44177
mabc,Telecom,51,0,0.0,0.0,0.0,0.0,26226
mabc,Market-1,70,0,0.0143,0.0143,0.0143,0.0143,31401
mabc,Market-2,78,0,0.0128,0.0128,0.0128,0.0128,27511
foa,Bank,136,0,0.2647,0.4338,0.4338,0.3358,39981
foa,Telecom,51,0,0.0392,0.0784,0.0784,0.0588,44030
foa,Market-1,70,0,0.0857,0.2571,0.2571,0.1643,40361
foa,Market-2,78,0,0.1795,0.2692,0.2692,0.2201,43729
