dataset,num,n,hit@1,hit@3,hit@5,MRR
Bank,1,136,0.1103,0.3015,0.5074,0.2564
Bank,3,136,0.0882,0.2721,0.5147,0.2579
Bank,5,136,0.0882,0.2941,0.5441,0.2689
Bank,10,136,0.0882,0.2647,0.5368,0.2744
Telecom,1,51,0.1373,0.2745,0.3922,0.2592
Telecom,3,51,0.1569,0.2745,0.3725,0.2695
Telecom,5,51,0.2157,0.2745,0.4118,0.3105
Telecom,10,51,0.2157,0.2941,0.3922,0.3141
Market-1,1,70,0.0143,0.0429,0.0714,0.0326
Market-1,3,70,0.0,0.0286,0.0571,0.0207
Market-1,5,70,0.0,0.0286,0.0571,0.016
Market-1,10,70,0.0143,0.0429,0.0571,0.0274
Market-2,1,78,0.0641,0.1667,0.2179,0.1184
Market-2,3,78,0.1026,0.1923,0.2179,0.1426
Market-2,5,78,0.1282,0.1923,0.2308,0.1656
Market-2,10,78,0.0641,0.2308,0.2564,0.1358
