dataset,w_rht,n,hit@1,hit@3,hit@5,MRR
Bank,0.0,136,0.0956,0.2868,0.4853,0.2804
Bank,0.1,136,0.1397,0.375,0.6029,0.3383
Bank,0.2,136,0.2279,0.4485,0.6397,0.4066
Bank,0.3,136,0.3162,0.4853,0.6765,0.471
Bank,0.4,136,0.3676,0.5074,0.7059,0.5092
Bank,0.5,136,0.375,0.5662,0.75,0.5261
Bank,0.7,136,0.4779,0.6029,0.75,0.5933
Bank,1.0,136,0.5221,0.625,0.75,0.6229
Telecom,0.0,51,0.2549,0.3922,0.4706,0.3682
Telecom,0.1,51,0.2941,0.451,0.5098,0.413
Telecom,0.2,51,0.2941,0.4314,0.5098,0.4132
Telecom,0.3,51,0.2745,0.4314,0.5098,0.4046
Telecom,0.4,51,0.2549,0.451,0.5098,0.4005
Telecom,0.5,51,0.2745,0.451,0.549,0.4138
Telecom,0.7,51,0.2941,0.4902,0.549,0.4324
Telecom,1.0,51,0.2745,0.4902,0.5882,0.4183
Market-1,0.0,70,0.0,0.0571,0.1,0.0693
Market-1,0.1,70,0.0143,0.1429,0.3857,0.1485
Market-1,0.2,70,0.0143,0.1429,0.3857,0.1485
Market-1,0.3,70,0.0143,0.1429,0.3857,0.1485
Market-1,0.4,70,0.0143,0.1714,0.4143,0.155
Market-1,0.5,70,0.0286,0.2571,0.4571,0.1828
Market-1,0.7,70,0.0571,0.3429,0.4714,0.2222
Market-1,1.0,70,0.3286,0.4,0.4857,0.3932
Market-2,0.0,78,0.0641,0.2051,0.2564,0.1833
Market-2,0.1,78,0.0641,0.2821,0.5256,0.2436
Market-2,0.2,78,0.0769,0.2949,0.5256,0.2532
Market-2,0.3,78,0.1538,0.2949,0.5256,0.296
Market-2,0.4,78,0.1538,0.3205,0.5385,0.306
Market-2,0.5,78,0.1538,0.4231,0.5897,0.3232
Market-2,0.7,78,0.1923,0.5128,0.6026,0.3831
Market-2,1.0,78,0.4103,0.5128,0.6154,0.5066
