dataset,n,correct,partial,total
Bank,136,0.0588,0.0882,0.1471
Bank-easy,62,0.129,0.0,0.129
Bank-mid,57,0.0,0.193,0.193
Bank-hard,17,0.0,0.0588,0.0588
Telecom,51,0.098,0.1765,0.2745
Telecom-easy,24,0.1667,0.0,0.1667
Telecom-mid,18,0.0556,0.4444,0.5
Telecom-hard,9,0.0,0.1111,0.1111
Market-1,70,0.0,0.0143,0.0143
Market-1-easy,30,0.0,0.0,0.0
Market-1-mid,29,0.0,0.0345,0.0345
Market-1-hard,11,0.0,0.0,0.0
Market-2,78,0.0641,0.0897,0.1538
Market-2-easy,33,0.1515,0.0,0.1515
Market-2-mid,39,0.0,0.1282,0.1282
Market-2-hard,6,0.0,0.3333,0.3333
